Player,Team,Amount,Year
Shane Warne,Rajasthan Royals,36686250.0,2008.0
Mahendra Singh Dhoni,Chennai Super Kings,122287500.0,2008.0
Adam Gilchrist,Deccan Chargers,57067500.0,2008.0
Shoaib Akhtar,Kolkata Knight Riders,34648125.0,2008.0
Mahela Jayawardene,Kings XI Punjab,38724375.0,2008.0
Muttiah Muralitharan,Chennai Super Kings,48915000.0,2008.0
Anil Kumble,Royal Challengers Bangalore,40762500.0,2008.0
Glenn McGrath[REC],Delhi Daredevils,28533750.0,2008.0
Mohammed Yousuf[REC],Unsold,,2008.0
Harbhajan Singh,Mumbai Indians,69296250.0,2008.0
Sanath Jayasuriya,Mumbai Indians,79486875.0,2008.0
Kumar Sangakkara,Kings XI Punjab,57067500.0,2008.0
Ricky Ponting,Kolkata Knight Riders,32610000.0,2008.0
Brett Lee,Kings XI Punjab,73372500.0,2008.0
Andrew Symonds,Deccan Chargers,110058750.0,2008.0
Michael Hussey[REC],Chennai Super Kings,20381250.0,2008.0
Daniel Vettori,Delhi Daredevils,50953125.0,2008.0
Matthew Hayden,Chennai Super Kings,30571875.0,2008.0
Brendon McCullum,Kolkata Knight Riders,57067500.0,2008.0
Jacob Oram,Chennai Super Kings,55029375.0,2008.0
Stephen Fleming,Chennai Super Kings,28533750.0,2008.0
Graeme Smith,Rajasthan Royals,20381250.0,2008.0
Herschelle Gibbs,Deccan Chargers,46876875.0,2008.0
Chris Gayle,Kolkata Knight Riders,65220000.0,2008.0
Shoaib Malik,Delhi Daredevils,40762500.0,2008.0
Shahid Afridi,Deccan Chargers,55029375.0,2008.0
Younis Khan,Rajasthan Royals,18343125.0,2008.0
Mohammad Asif,Delhi Daredevils,52991250.0,2008.0
Jacques Kallis,Royal Challengers Bangalore,73372500.0,2008.0
Zaheer Khan,Royal Challengers Bangalore,36686250.0,2008.0
Sreesanth,Kings XI Punjab,50953125.0,2008.0
Dinesh Karthik,Delhi Daredevils,42800625.0,2008.0
AB de Villiers,Delhi Daredevils,24457500.0,2008.0
Mark Boucher,Royal Challengers Bangalore,36686250.0,2008.0
Parthiv Patel,Chennai Super Kings,26495625.0,2008.0
Kamran Akmal,Rajasthan Royals,12228750.0,2008.0
Tatenda Taibu[REC],Kolkata Knight Riders,10190625.0,2008.0
Albie Morkel,Chennai Super Kings,55029375.0,2008.0
Ajit Agarkar,Kolkata Knight Riders,28533750.0,2008.0
Shaun Pollock,Mumbai Indians,44838750.0,2008.0
Irfan Pathan,Kings XI Punjab,75410625.0,2008.0
Scott Styris,Deccan Chargers,14266875.0,2008.0
Farveez Maharoof,Delhi Daredevils,18343125.0,2008.0
Tillakaratne Dilshan,Delhi Daredevils,20381250.0,2008.0
Cameron White,Royal Challengers Bangalore,40762500.0,2008.0
Yusuf Pathan,Rajasthan Royals,38724375.0,2008.0
Joginder Sharma,Chennai Super Kings,18343125.0,2008.0
Ramnaresh Sarwan[REC],Kings XI Punjab,18343125.0,2008.0
Simon Katich[REC],Kings XI Punjab,16305000.0,2008.0
Justin Langer[REC],Rajasthan Royals,16305000.0,2008.0
Gautam Gambhir,Delhi Daredevils,59105625.0,2008.0
Robin Uthappa,Mumbai Indians,65220000.0,2008.0
Shivnarine Chanderpaul[REC],Royal Challengers Bangalore,16305000.0,2008.0
Ashwell Prince[REC],Unsold,,2008.0
VVS Laxman,Deccan Chargers,30571875.0,2008.0
Wasim Jaffer,Royal Challengers Bangalore,12228750.0,2008.0
Rohit Sharma,Deccan Chargers,61143750.0,2008.0
Loots Bosman[REC],Mumbai Indians,14266875.0,2008.0
Mohammad Kaif,Rajasthan Royals,55029375.0,2008.0
Suresh Raina,Chennai Super Kings,52991250.0,2008.0
Manoj Tiwary,Delhi Daredevils,55029375.0,2008.0
Chamara Silva,Deccan Chargers,8152500.0,2008.0
David Hussey,Kolkata Knight Riders,50953125.0,2008.0
Nathan Bracken,Royal Challengers Bangalore,26495625.0,2008.0
R P Singh,Deccan Chargers,71334375.0,2008.0
Murali Kartik,Kolkata Knight Riders,34648125.0,2008.0
Makhaya Ntini,Chennai Super Kings,16305000.0,2008.0
Lasith Malinga,Mumbai Indians,28533750.0,2008.0
Chaminda Vaas,Deccan Chargers,16305000.0,2008.0
Ramesh Powar,Kings XI Punjab,13859250.0,2008.0
Umar Gul,Kolkata Knight Riders,12228750.0,2008.0
Dale Steyn,Royal Challengers Bangalore,26495625.0,2008.0
Dilhara Fernando,Mumbai Indians,12228750.0,2008.0
Ishant Sharma,Kolkata Knight Riders,77448750.0,2008.0
Piyush Chawla,Kings XI Punjab,32610000.0,2008.0
Munaf Patel,Rajasthan Royals,22419375.0,2008.0
Nuwan Zoysa,Deccan Chargers,8967750.0,2008.0
Shaun Tait,Rajasthan Royals,30573750.0,2009.0
JP Duminy,Mumbai Indians,77453500.0,2009.0
Andrew Flintoff,Chennai Super Kings,126371500.0,2009.0
Kevin Pietersen,Royal Challengers Bangalore,126371500.0,2009.0
Fidel Edwards,Deccan Chargers,12229500.0,2009.0
Owais Shah,Delhi Daredevils,22420750.0,2009.0
Paul Collingwood,Delhi Daredevils,22420750.0,2009.0
Tyron Henderson,Rajasthan Royals,52994500.0,2009.0
Ravi Bopara,Kings XI Punjab,36688500.0,2009.0
Thilan Thushara,Chennai Super Kings,11414200.0,2009.0
Jesse Ryder,Royal Challengers Bangalore,13044800.0,2009.0
Kyle Mills,Mumbai Indians,12229500.0,2009.0
Dwayne Smith,Deccan Chargers,8153000.0,2009.0
Jerome Taylor,Kings XI Punjab,12229500.0,2009.0
Mohammad Ashraful,Mumbai Indians,6114750.0,2009.0
Mashrafe Mortaza,Kolkata Knight Riders,48918000.0,2009.0
George Bailey,Chennai Super Kings,4076500.0,2009.0
Shane Bond†,Kolkata Knight Riders,61147500.0,2010.0
Kieron Pollard†,Mumbai Indians,61147500.0,2010.0
Kemar Roach,Deccan Chargers,58701600.0,2010.0
Wayne Parnell,Delhi Daredevils,49733300.0,2010.0
Mohammad Kaif,Kings XI Punjab,20382500.0,2010.0
Eoin Morgan,Royal Challengers Bangalore,17936600.0,2010.0
Damien Martyn,Rajasthan Royals,8153000.0,2010.0
Justin Kemp,Chennai Super Kings,8153000.0,2010.0
Thissara Perera,Chennai Super Kings,4076500.0,2010.0
Adam Voges,Rajasthan Royals,4076500.0,2010.0
Yusuf Abdulla,Kings XI Punjab,4076500.0,2010.0
Gautam Gambhir,Kolkata Knight Riders,195672000.0,2011.0
Yusuf Pathan,Kolkata Knight Riders,171213000.0,2011.0
Robin Uthappa,Pune Warriors India,171213000.0,2011.0
Rohit Sharma,Mumbai Indians,163060000.0,2011.0
Irfan Pathan,Delhi Daredevils,154907000.0,2011.0
Yuvraj Singh,Pune Warriors India,146754000.0,2011.0
Saurabh Tiwary,Royal Challengers Bangalore,130448000.0,2011.0
Mahela Jayawardene,Kochi Tuskers Kerala,122295000.0,2011.0
David Hussey,Kings XI Punjab,114142000.0,2011.0
Dale Steyn,Deccan Chargers,97836000.0,2011.0
Muttiah Muralitharan,Kochi Tuskers Kerala,89683000.0,2011.0
Cameron White,Deccan Chargers,89683000.0,2011.0
Jacques Kallis,Kolkata Knight Riders,89683000.0,2011.0
AB de Villiers,Royal Challengers Bangalore,89683000.0,2011.0
Ross Taylor,Rajasthan Royals,81530000.0,2011.0
Angelo Mathews,Pune Warriors India,77453500.0,2011.0
Ravindra Jadeja,Kochi Tuskers Kerala,77453500.0,2011.0
Johan Botha,Rajasthan Royals,77453500.0,2011.0
Dinesh Karthik,Kings XI Punjab,73377000.0,2011.0
Piyush Chawla,Kings XI Punjab,73377000.0,2011.0
Sreesanth,Kochi Tuskers Kerala,73377000.0,2011.0
Adam Gilchrist,Kings XI Punjab,73377000.0,2011.0
Zaheer Khan,Royal Challengers Bangalore,73377000.0,2011.0
Dan Christian,Deccan Chargers,73377000.0,2011.0
Ravichandran Ashwin,Chennai Super Kings,69300500.0,2011.0
Ashish Nehra,Pune Warriors India,69300500.0,2011.0
Andrew Symonds,Mumbai Indians,69300500.0,2011.0
Subramaniam Badrinath,Chennai Super Kings,65224000.0,2011.0
Praveen Kumar,Kings XI Punjab,65224000.0,2011.0
Abhishek Nayar,Kings XI Punjab,65224000.0,2011.0
David Warner,Delhi Daredevils,61147500.0,2011.0
Umesh Yadav,Delhi Daredevils,61147500.0,2011.0
Munaf Patel,Mumbai Indians,57071000.0,2011.0
Venugopal Rao,Delhi Daredevils,57071000.0,2011.0
Kumar Sangakkara,Deccan Chargers,57071000.0,2011.0
Cheteshwar Pujara,Royal Challengers Bangalore,57071000.0,2011.0
Doug Bollinger,Chennai Super Kings,57071000.0,2011.0
Dirk Nannes,Royal Challengers Bangalore,52994500.0,2011.0
Tillakaratne Dilshan,Royal Challengers Bangalore,52994500.0,2011.0
Kevin Pietersen,Deccan Chargers,52994500.0,2011.0
Daniel Vettori,Royal Challengers Bangalore,44841500.0,2011.0
Pragyan Ojha,Deccan Chargers,40765000.0,2011.0
Rahul Dravid,Rajasthan Royals,40765000.0,2011.0
Graeme Smith,Pune Warriors India,40765000.0,2011.0
RP Singh,Kochi Tuskers Kerala,40765000.0,2011.0
Lakshmipathy Balaji,Kolkata Knight Riders,40765000.0,2011.0
Manoj Tiwari,Kolkata Knight Riders,38726750.0,2011.0
Morné Morkel,Delhi Daredevils,38726750.0,2011.0
Brendon McCullum,Kochi Tuskers Kerala,38726750.0,2011.0
Vinay Kumar,Kochi Tuskers Kerala,38726750.0,2011.0
Ishant Sharma,Deccan Chargers,36688500.0,2011.0
Brad Hodge,Kochi Tuskers Kerala,34650250.0,2011.0
Shakib Al Hasan,Kolkata Knight Riders,34650250.0,2011.0
Michael Hussey,Chennai Super Kings,34650250.0,2011.0
Brett Lee,Kolkata Knight Riders,32612000.0,2011.0
Shaun Marsh,Kings XI Punjab,32612000.0,2011.0
Stuart Broad,Kings XI Punjab,32612000.0,2011.0
VVS Laxman,Kochi Tuskers Kerala,32612000.0,2011.0
Murali Kartik,Pune Warriors India,32612000.0,2011.0
Ashok Dinda,Delhi Daredevils,30573750.0,2011.0
Eoin Morgan,Kolkata Knight Riders,28535500.0,2011.0
James Hopes,Delhi Daredevils,28535500.0,2011.0
Ryan Harris,Kings XI Punjab,26497250.0,2011.0
Brad Haddin,Kolkata Knight Riders,26497250.0,2011.0
Callum Ferguson,Pune Warriors India,24459000.0,2011.0
Aaron Finch,Delhi Daredevils,24459000.0,2011.0
Amit Mishra,Deccan Chargers,24459000.0,2011.0
Shikhar Dhawan,Deccan Chargers,24459000.0,2011.0
JP Duminy,Deccan Chargers,24459000.0,2011.0
Shaun Tait,Rajasthan Royals,24459000.0,2011.0
Parthiv Patel,Kochi Tuskers Kerala,23643700.0,2011.0
Mitchell Marsh,Pune Warriors India,23643700.0,2011.0
Manpreet Gony,Deccan Chargers,23643700.0,2011.0
Naman Ojha,Delhi Daredevils,22013100.0,2011.0
Tim Paine,Pune Warriors India,22013100.0,2011.0
Abhimanyu Mithun,Royal Challengers Bangalore,21197800.0,2011.0
Jaydev Unadkat,Kolkata Knight Riders,20382500.0,2011.0
Paul Collingwood,Rajasthan Royals,20382500.0,2011.0
Sudeep Tyagi,Chennai Super Kings,19567200.0,2011.0
Ajit Agarkar,Delhi Daredevils,17121300.0,2011.0
Steve Smith,Pune Warriors India,16306000.0,2011.0
Dwayne Bravo,Chennai Super Kings,16306000.0,2011.0
Owais Shah,Kochi Tuskers Kerala,16306000.0,2011.0
Scott Styris,Chennai Super Kings,16306000.0,2011.0
Davy Jacobs,Mumbai Indians,15490700.0,2011.0
Ramesh Powar,Kochi Tuskers Kerala,14675400.0,2011.0
Wayne Parnell,Pune Warriors India,13044800.0,2011.0
Ryan ten Doeschate,Kolkata Knight Riders,12229500.0,2011.0
Jesse Ryder,Pune Warriors India,12229500.0,2011.0
Joginder Sharma,Chennai Super Kings,12229500.0,2011.0
Charl Langeveldt,Royal Challengers Bangalore,11414200.0,2011.0
Mohammad Kaif,Royal Challengers Bangalore,10598900.0,2011.0
Francois du Plessis,Chennai Super Kings,9783600.0,2011.0
Clint McKay,Mumbai Indians,8968300.0,2011.0
Nathan McCullum,Pune Warriors India,8153000.0,2011.0
James Franklin,Mumbai Indians,8153000.0,2011.0
Wriddhiman Saha,Chennai Super Kings,8153000.0,2011.0
Jerome Taylor,Pune Warriors India,8153000.0,2011.0
James Pattinson,Kolkata Knight Riders,8153000.0,2011.0
Alfonso Thomas,Pune Warriors India,8153000.0,2011.0
Nuwan Kulasekara,Chennai Super Kings,8153000.0,2011.0
Matthew Wade,Delhi Daredevils,8153000.0,2011.0
Dimitri Mascarenhas,Kings XI Punjab,8153000.0,2011.0
Colin Ingram,Delhi Daredevils,8153000.0,2011.0
Ben Hilfenhaus,Chennai Super Kings,8153000.0,2011.0
Pankaj Singh,Rajasthan Royals,7745350.0,2011.0
Rusty Theron,Deccan Chargers,6930050.0,2011.0
Suraj Randiv,Chennai Super Kings,6522400.0,2011.0
John Hastings,Kochi Tuskers Kerala,1630600.0,2011.0
Andrew McDonald,Delhi Daredevils,6522400.0,2011.0
Thissara Perera,Kochi Tuskers Kerala,6522400.0,2011.0
Michael Lumb,Deccan Chargers,6522400.0,2011.0
Michael Klinger,Kochi Tuskers Kerala,6114750.0,2011.0
Johan van der Wath,Royal Challengers Bangalore,4076500.0,2011.0
Moises Henriques,Mumbai Indians,4076500.0,2011.0
George Bailey,Chennai Super Kings,4076500.0,2011.0
Roelof van der Merwe,Delhi Daredevils,4076500.0,2011.0
Luke Pomersbach,Royal Challengers Bangalore,4076500.0,2011.0
Rilee Rossouw,Royal Challengers Bangalore,1630600.0,2011.0
Nuwan Pradeep,Royal Challengers Bangalore,1630600.0,2011.0
Chris Lynn,Deccan Chargers,1630600.0,2011.0
Travis Birt,Delhi Daredevils,1630600.0,2011.0
Nathan Rimmington,Kings XI Punjab,1630600.0,2011.0
Jonathan Vandiar,Royal Challengers Bangalore,1630600.0,2011.0
Aiden Blizzard,Mumbai Indians,1630600.0,2011.0
Robert Frylinck,Delhi Daredevils,1630600.0,2011.0
Stephen O'Keefe,Kochi Tuskers Kerala,1630600.0,2011.0
Brendon McCullum,Kolkata Knight Riders,73377000.0,2012.0
Ravindra Jadeja,Chennai Super Kings,163060000.0,2012.0
Muttiah Muralitharan,Royal Challengers Bangalore,17936600.0,2012.0
Mahela Jayawardene,Delhi Daredevils,114142000.0,2012.0
Herschelle Gibbs,Mumbai Indians,4076500.0,2012.0
Brad Hodge,Rajasthan Royals,38726750.0,2012.0
Parthiv Patel,Deccan Chargers,52994500.0,2012.0
Dinesh Chandimal,Rajasthan Royals,4076500.0,2012.0
Andre Russell,Delhi Daredevils,36688500.0,2012.0
Mitchell Johnson,Mumbai Indians,24459000.0,2012.0
R. P. Singh,Mumbai Indians,48918000.0,2012.0
Vinay Kumar,Royal Challengers Bangalore,81530000.0,2012.0
Sreesanth,Rajasthan Royals,32612000.0,2012.0
Ramesh Powar,Kings XI Punjab,13044800.0,2012.0
Brad Hogg,Rajasthan Royals,14675400.0,2012.0
Sunil Narine,Kolkata Knight Riders,57071000.0,2012.0
Robin Peterson,Mumbai Indians,8153000.0,2012.0
Daniel Harris,Deccan Chargers,5707100.0,2012.0
Kevon Cooper,Rajasthan Royals,4076500.0,2012.0
James Faulkner,Kings XI Punjab,15490700.0,2012.0
Azhar Mahmood,Kings XI Punjab,16306000.0,2012.0
Thisara Perera,Mumbai Indians,52994500.0,2012.0
Marchant de Lange,Kolkata Knight Riders,4076500.0,2012.0
Darren Bravo,Deccan Chargers,8153000.0,2012.0
Doug Bracewell,Delhi Daredevils,4076500.0,2012.0
Aaron Finch,Sunrisers Hyderabad,40000000.0,2014.0
Aaron Finch,Mumbai Indians,32000000.0,2015.0
Aaron Finch,Gujarat Lions,10000000.0,2016.0
Aaron Finch,Kings XI Punjab,62000000.0,2018.0
Aaron Finch,Royal Challengers Bangalore,44000000.0,2020.0
Abdul Samad,Sunrisers Hyderabad,2000000.0,2020.0
Abhijeet Tomar,Kolkata Knight Riders,4000000.0,2022.0
Abhimanyu Mithun,Mumbai Indians,3000000.0,2015.0
Abhimanyu Mithun,Sunrisers Hyderabad,3000000.0,2016.0
Abhinav Sadarangani,Gujarat Titans,26000000.0,2022.0
Abhishek Nayar,Pune Warriors India,50625000.0,2013.0
Abhishek Nayar,Rajasthan Royals,10000000.0,2014.0
Abhishek Sharma,Delhi Daredevils,5500000.0,2018.0
Abhishek Sharma,Sunrisers Hyderabad,65000000.0,2022.0
Abu Nechim Ahmed,Royal Challengers Bangalore,3000000.0,2014.0
Adam Milne,Royal Challengers Bangalore,7000000.0,2015.0
Adam Milne,Mumbai Indians,32000000.0,2021.0
Adam Milne,Chennai Super Kings,19000000.0,2022.0
Adam Zampa,Rising Pune Supergiant,3000000.0,2016.0
Aditya Garhwal,Kolkata Knight Riders,2500000.0,2015.0
Aditya Tare,Mumbai Indians,16000000.0,2014.0
Aditya Tare,Sunrisers Hyderabad,12000000.0,2016.0
Aditya Tare,Delhi Daredevils,2500000.0,2017.0
Aditya Tare,Mumbai Indians,2000000.0,2018.0
Agnivesh Ayachi,Kings XI Punjab,2000000.0,2019.0
Aiden Blizzard,Mumbai Indians,3000000.0,2015.0
Aiden Markram,Sunrisers Hyderabad,26000000.0,2022.0
Ajantha Mendis,Pune Warriors India,54375000.0,2013.0
Ajinkya Rahane,Rajasthan Royals,40000000.0,2018.0
Ajinkya Rahane,Kolkata Knight Riders,10000000.0,2022.0
Akash Deep,Royal Challengers Bangalore,2000000.0,2022.0
Akash Singh,Rajasthan Royals,2000000.0,2020.0
Akash Singh,Rajasthan Royals,2000000.0,2021.0
Akhil Arvind Herwadkar,Delhi Daredevils,1000000.0,2016.0
Akila Dananjaya,Chennai Super Kings,1500000.0,2013.0
Akila Dhananjaya,Mumbai Indians,5000000.0,2018.0
Akshar Rajesh Patel,Kings XI Punjab,7500000.0,2014.0
Akshay Karnewar,Royal Challengers Bangalore,1000000.0,2016.0
Akshay Wakhare,Mumbai Indians,1000000.0,2015.0
Akshdeep Nath,Gujarat Lions,1000000.0,2016.0
Akshdeep Nath,Gujarat Lions,1000000.0,2017.0
Akshdeep Nath,Kings XI Punjab,10000000.0,2018.0
Akshdeep Nath,Royal Challengers Bangalore,36000000.0,2019.0
Albie Morkel,Royal Challengers Bangalore,24000000.0,2014.0
Albie Morkel,Delhi Daredevils,3000000.0,2015.0
Alex Carey,Delhi Capitals,24000000.0,2020.0
Alex Hales,Kolkata Knight Riders,15000000.0,2022.0
Alzarri Joseph,Gujarat Titans,24000000.0,2022.0
Aman Khan,Kolkata Knight Riders,2000000.0,2022.0
Ambati Rayudu,Chennai Super Kings,22000000.0,2018.0
Ambati Rayudu,Chennai Super Kings,67500000.0,2022.0
Amit Mishra,Rajasthan Royals,1000000.0,2014.0
Amit Mishra,Sunrisers Hyderabad,47500000.0,2014.0
Amit Mishra,Delhi Daredevils,35000000.0,2015.0
Amit Mishra,Gujarat Lions,1000000.0,2016.0
Amit Mishra,Delhi Daredevils,40000000.0,2018.0
Amit Paunikar,Sunrisers Hyderabad,2000000.0,2014.0
Andre Russell,Kolkata Knight Riders,6000000.0,2014.0
Andrew Tye,Chennai Super Kings,2000000.0,2015.0
Andrew Tye,Gujarat Lions,5000000.0,2016.0
Andrew Tye,Kings XI Punjab,72000000.0,2018.0
Andrew Tye,Rajasthan Royals,10000000.0,2020.0
Aneeshwar Gautam,Royal Challengers Bangalore,2000000.0,2022.0
Angelo Mathews,Delhi Daredevils,75000000.0,2015.0
Angelo Mathews,Delhi Daredevils,20000000.0,2017.0
Aniket Choudhary,Royal Challengers Bangalore,20000000.0,2017.0
Aniket Choudhary,Royal Challengers Bangalore,3000000.0,2018.0
Anirudha Ashok Joshi,Royal Challengers Bangalore,2000000.0,2018.0
Anirudha Ashok Joshi,Rajasthan Royals,2000000.0,2020.0
Ankeet Bawane,Delhi Daredevils,1000000.0,2017.0
Ankit Nagendra Sharma,Rajasthan Royals,1000000.0,2014.0
Ankit Sharma,Rising Pune Supergiant,1000000.0,2016.0
Ankit Sharma,Rajasthan Royals,2000000.0,2018.0
Ankit Singh Rajpoot,Kolkata Knight Riders,15000000.0,2016.0
Ankit Singh Rajpoot,Kings XI Punjab,30000000.0,2018.0
Ankit Singh Rajpoot,Lucknow Super Giants,5000000.0,2022.0
Ankush Bains,Rajasthan Royals,1000000.0,2014.0
Ankush Bains,Chennai Super Kings,1000000.0,2015.0
Ankush Bains,Rising Pune Supergiant,1000000.0,2016.0
Ankush Bains,Delhi Capitals,2000000.0,2019.0
Anmolpreet Singh,Mumbai Indians,8000000.0,2019.0
Anmolpreet Singh,Mumbai Indians,2000000.0,2022.0
Anrich Nortje,Kolkata Knight Riders,2000000.0,2019.0
Ansh Patel,Punjab Kings,2000000.0,2022.0
Anuj Rawat,Rajasthan Royals,8000000.0,2020.0
Anuj Rawat,Royal Challengers Bangalore,34000000.0,2022.0
Anukul Roy,Mumbai Indians,2000000.0,2018.0
Anukul Roy,Kolkata Knight Riders,2000000.0,2022.0
Anunay Singh,Rajasthan Royals,2000000.0,2022.0
Anureet Singh,Kings XI Punjab,2000000.0,2014.0
Anureet Singh,Rajasthan Royals,3000000.0,2018.0
Apoorv Vijay Wankhade,Mumbai Indians,1000000.0,2014.0
Apoorv Vijay Wankhade,Kolkata Knight Riders,2000000.0,2018.0
Arjun Tendulkar,Mumbai Indians,2000000.0,2021.0
Arjun Tendulkar,Mumbai Indians,3000000.0,2022.0
Armaan Jaffer,Kings XI Punjab,1000000.0,2016.0
Arshdeep Singh,Kings XI Punjab,2000000.0,2019.0
Aryaman Vikram Birla,Rajasthan Royals,3000000.0,2018.0
Aryan Juyal,Mumbai Indians,2000000.0,2022.0
Asela Gunarathna,Mumbai Indians,3000000.0,2017.0
Ashish Nehra,Chennai Super Kings,20000000.0,2014.0
Ashish Nehra,Sunrisers Hyderabad,55000000.0,2016.0
Ashish Reddy,Sunrisers Hyderabad,2000000.0,2014.0
Ashok Dinda,Royal Challengers Bangalore,15000000.0,2014.0
Ashok Dinda,Rising Pune Supergiant,5000000.0,2016.0
Ashok Sharma,Kolkata Knight Riders,5500000.0,2022.0
Ashton Turner,Rajasthan Royals,5000000.0,2019.0
Ashwin Hebbar,Delhi Capitals,2000000.0,2022.0
Asif K M,Chennai Super Kings,4000000.0,2018.0
Atharva Taide,Punjab Kings,2000000.0,2022.0
Avesh Khan,Delhi Daredevils,7000000.0,2018.0
Avesh Khan,Lucknow Super Giants,100000000.0,2022.0
Axar Rajesh Patel,Delhi Capitals,50000000.0,2019.0
Ayush Badoni,Lucknow Super Giants,2000000.0,2022.0
B. Sai Sudharsan,Gujarat Titans,2000000.0,2022.0
Baba Aparajith,Chennai Super Kings,1000000.0,2014.0
Baba Aparajith,Rising Pune Supergiant,1000000.0,2016.0
Baba Indrajith,Kolkata Knight Riders,2000000.0,2022.0
Baltej Dhanda,Punjab Kings,2000000.0,2022.0
Bandaru Ayyappa,Delhi Capitals,2000000.0,2019.0
Barinder Singh Saran,Rajasthan Royals,1000000.0,2015.0
Barinder Singh Sran,Sunrisers Hyderabad,12000000.0,2016.0
Barinder Singh Sran,Kings XI Punjab,22000000.0,2018.0
Barinder Singh Sran,Mumbai Indians,34000000.0,2019.0
Basil Thampi,Gujarat Lions,8500000.0,2017.0
Basil Thampi,Sunrisers Hyderabad,9500000.0,2018.0
Basil Thampi,Mumbai Indians,3000000.0,2022.0
Ben Cutting,Rajasthan Royals,8000000.0,2014.0
Ben Cutting,Sunrisers Hyderabad,5000000.0,2016.0
Ben Cutting,Mumbai Indians,22000000.0,2018.0
Ben Cutting,Kolkata Knight Riders,7500000.0,2021.0
Ben Dunk,Mumbai Indians,2000000.0,2014.0
Ben Dwarshuis,Kings XI Punjab,14000000.0,2018.0
Ben Hilfenhaus,Chennai Super Kings,10000000.0,2014.0
Ben Laughlin,Chennai Super Kings,1500000.0,2013.0
Ben Laughlin,Sunrisers Hyderabad,3000000.0,2017.0
Ben Laughlin,Rajasthan Royals,5000000.0,2018.0
Benjamin Stokes,Rising Pune Supergiant,145000000.0,2017.0
Benjamin Stokes,Rajasthan Royals,125000000.0,2018.0
Benny Howell,Punjab Kings,4000000.0,2022.0
Beuran Hendricks,Kings XI Punjab,18000000.0,2014.0
Bhanuka Rajapaksa,Punjab Kings,5000000.0,2022.0
Bhuvneshwar Kumar,Sunrisers Hyderabad,42500000.0,2014.0
Bhuvneshwar Kumar,Sunrisers Hyderabad,42000000.0,2022.0
Billy Stanlake,Royal Challengers Bangalore,3000000.0,2017.0
Billy Stanlake,Sunrisers Hyderabad,5000000.0,2018.0
Bipul Sharma,Sunrisers Hyderabad,2000000.0,2018.0
Brad Hodge,Rajasthan Royals,24000000.0,2014.0
Brad Hogg,Kolkata Knight Riders,5000000.0,2015.0
Brendan Taylor,Sunrisers Hyderabad,3000000.0,2014.0
Brendon McCullum,Chennai Super Kings,32500000.0,2014.0
Brendon McCullum,Royal Challengers Bangalore,36000000.0,2018.0
C Hari Nishaanth,Chennai Super Kings,2000000.0,2021.0
C.Hari Nishaanth,Chennai Super Kings,2000000.0,2022.0
C.M. Gautam,Mumbai Indians,2000000.0,2014.0
C.M. Gautam,Delhi Daredevils,2000000.0,2015.0
Cameron Delport,Kolkata Knight Riders,3000000.0,2018.0
Carlos Brathwaite,Delhi Daredevils,42000000.0,2016.0
Carlos Brathwaite,Sunrisers Hyderabad,20000000.0,2018.0
Carlos Brathwaite,Kolkata Knight Riders,50000000.0,2019.0
Chaitanya Bishnoi,Chennai Super Kings,2000000.0,2018.0
Chama Milind,Sunrisers Hyderabad,1000000.0,2014.0
Chama Milind,Delhi Daredevils,1000000.0,2016.0
Chama Milind,Royal Challengers Bangalore,2500000.0,2022.0
Chamika Karunaratne,Kolkata Knight Riders,5000000.0,2022.0
Chetan Sakariya,Rajasthan Royals,12000000.0,2021.0
Chetan Sakariya,Delhi Capitals,42000000.0,2022.0
Cheteshwar Pujara,Kings XI Punjab,19000000.0,2014.0
Cheteshwar Pujara,Chennai Super Kings,5000000.0,2021.0
Chirag Suri,Gujarat Lions,1000000.0,2017.0
Chris Green,Kolkata Knight Riders,2000000.0,2020.0
Chris Jordan,Sunrisers Hyderabad,5000000.0,2017.0
Chris Jordan,Sunrisers Hyderabad,10000000.0,2018.0
Chris Jordan,Kings XI Punjab,30000000.0,2020.0
Chris Jordan,Chennai Super Kings,36000000.0,2022.0
Chris Lynn,Kolkata Knight Riders,13000000.0,2014.0
Chris Lynn,Kolkata Knight Riders,96000000.0,2018.0
Chris Lynn,Mumbai Indians,20000000.0,2020.0
Chris Woakes,Kolkata Knight Riders,42000000.0,2017.0
Chris Woakes,Royal Challengers Bangalore,74000000.0,2018.0
Chris Woakes,Delhi Capitals,15000000.0,2020.0
Christopher Barnwell,Royal Challengers Bangalore,3750000.0,2013.0
Christopher Gayle,Kings XI Punjab,20000000.0,2018.0
Christopher Morris,Chennai Super Kings,46875000.0,2013.0
Christopher Morris,Rajasthan Royals,14000000.0,2015.0
Christopher Morris,Delhi Daredevils,70000000.0,2016.0
Christopher Morris,Royal Challengers Bangalore,100000000.0,2020.0
Christopher Morris,Rajasthan Royals,162500000.0,2021.0
Clinton McKay,Sunrisers Hyderabad,7500000.0,2013.0
Colin De Grandhomme,Royal Challengers Bangalore,22000000.0,2018.0
Colin Ingram,Delhi Capitals,64000000.0,2019.0
Colin Munro,Kolkata Knight Riders,3000000.0,2016.0
Colin Munro,Delhi Daredevils,19000000.0,2018.0
Corey Anderson,Mumbai Indians,45000000.0,2014.0
Corey Anderson,Delhi Daredevils,10000000.0,2017.0
Dale Steyn,Gujarat Lions,23000000.0,2016.0
Dale Steyn,Royal Challengers Bangalore,20000000.0,2020.0
Dan Christian,Royal Challengers Bangalore,48000000.0,2021.0
Daniel Christian,Royal Challengers Bangalore,7500000.0,2013.0
Daniel Christian,Rising Pune Supergiant,10000000.0,2017.0
Daniel Christian,Delhi Daredevils,15000000.0,2018.0
Daniel Sams,Mumbai Indians,26000000.0,2022.0
Darcy Short,Rajasthan Royals,40000000.0,2018.0
Darren Bravo,Kolkata Knight Riders,5000000.0,2017.0
Darren Sammy,Sunrisers Hyderabad,31875000.0,2013.0
Darren Sammy,Sunrisers Hyderabad,35000000.0,2014.0
Darren Sammy,Royal Challengers Bangalore,28000000.0,2015.0
Darren Sammy,Kings XI Punjab,3000000.0,2017.0
Darshan Nalkande,Kings XI Punjab,3000000.0,2019.0
Darshan Nalkande,Gujarat Titans,2000000.0,2022.0
Daryl Mitchell,Rajasthan Royals,7500000.0,2022.0
David Miller,Kings XI Punjab,30000000.0,2018.0
David Miller,Rajasthan Royals,7500000.0,2020.0
David Miller,Gujarat Titans,30000000.0,2022.0
David Warner,Sunrisers Hyderabad,55000000.0,2014.0
David Warner,Delhi Capitals,62500000.0,2022.0
David Wiese,Royal Challengers Bangalore,28000000.0,2015.0
David Willey,Royal Challengers Bangalore,20000000.0,2022.0
Dawid Malan,Punjab Kings,15000000.0,2021.0
Debabrata Das,Kolkata Knight Riders,2000000.0,2014.0
Deepak Chahar,Rising Pune Supergiant,1000000.0,2016.0
Deepak Chahar,Chennai Super Kings,8000000.0,2018.0
Deepak Chahar,Chennai Super Kings,140000000.0,2022.0
Deepak Hooda,Rajasthan Royals,4000000.0,2014.0
Deepak Hooda,Sunrisers Hyderabad,42000000.0,2016.0
Deepak Hooda,Sunrisers Hyderabad,36000000.0,2018.0
Deepak Hooda,Kings XI Punjab,5000000.0,2020.0
Deepak Hooda,Lucknow Super Giants,57500000.0,2022.0
Deepak Punia,Mumbai Indians,1000000.0,2016.0
Devdutt Padikkal,Royal Challengers Bangalore,2000000.0,2019.0
Devdutt Padikkal,Rajasthan Royals,77500000.0,2022.0
Devon Conway,Chennai Super Kings,10000000.0,2022.0
Dewald Brevis,Mumbai Indians,30000000.0,2022.0
Dhawal Kulkarni,Rajasthan Royals,11000000.0,2014.0
Dhawal Kulkarni,Gujarat Lions,20000000.0,2016.0
Dhawal Kulkarni,Rajasthan Royals,7500000.0,2018.0
Dhruv Jurel,Rajasthan Royals,2000000.0,2022.0
Dhruv Shorey,Chennai Super Kings,2000000.0,2018.0
Digvijay Deshmukh,Mumbai Indians,2000000.0,2020.0
Dinesh Karthik,Delhi Daredevils,125000000.0,2014.0
Dinesh Karthik,Royal Challengers Bangalore,105000000.0,2015.0
Dinesh Karthik,Gujarat Lions,23000000.0,2016.0
Dinesh Karthik,Kolkata Knight Riders,74000000.0,2018.0
Dinesh Karthik,Royal Challengers Bangalore,55000000.0,2022.0
Dinesh Salunkhe,Rajasthan Royals,1000000.0,2015.0
Dirk Nannes,Chennai Super Kings,45000000.0,2013.0
Dishant Yagnik,Rajasthan Royals,3000000.0,2014.0
Dominic Drakes,Gujarat Titans,11000000.0,2022.0
Domnic Joseph Muthuswamy,Delhi Daredevils,7500000.0,2015.0
Dushmanta Chameera,Lucknow Super Giants,20000000.0,2022.0
Dushmantha Chameera,Rajasthan Royals,5000000.0,2018.0
Dwaine Pretorius,Chennai Super Kings,5000000.0,2022.0
Dwayne Bravo,Chennai Super Kings,64000000.0,2018.0
Dwayne Bravo,Chennai Super Kings,44000000.0,2022.0
Dwayne Smith,Chennai Super Kings,45000000.0,2014.0
Dwayne Smith,Gujarat Lions,23000000.0,2016.0
Eklavya Dwivedi,Chennai Super Kings,1000000.0,2015.0
Eklavya Dwivedi,Gujarat Lions,10000000.0,2016.0
Eklavya Dwivedi,Sunrisers Hyderabad,7500000.0,2017.0
Eoin Morgan,Sunrisers Hyderabad,15000000.0,2015.0
Eoin Morgan,Kings XI Punjab,20000000.0,2017.0
Eoin Morgan,Kolkata Knight Riders,52500000.0,2020.0
Evin Lewis,Mumbai Indians,38000000.0,2018.0
Evin Lewis,Lucknow Super Giants,20000000.0,2022.0
Fabian Allen,Sunrisers Hyderabad,5000000.0,2020.0
Fabian Allen,Punjab Kings,7500000.0,2021.0
Fabian Allen,Mumbai Indians,7500000.0,2022.0
Faf Du Plessis,Chennai Super Kings,47500000.0,2014.0
Faf Du Plessis,Chennai Super Kings,16000000.0,2018.0
Faf Du Plessis,Royal Challengers Bangalore,70000000.0,2022.0
Farhaan Behardien,Kings XI Punjab,3000000.0,2016.0
Fazalhaq Farooqi,Sunrisers Hyderabad,5000000.0,2022.0
Fidel Edwards,Rajasthan Royals,15750000.0,2013.0
Finn Allen,Royal Challengers Bangalore,8000000.0,2022.0
Gautam Gambhir,Delhi Daredevils,28000000.0,2018.0
George Bailey,Kings XI Punjab,32500000.0,2014.0
Glenn Maxwell,Mumbai Indians,75000000.0,2013.0
Glenn Maxwell,Kings XI Punjab,60000000.0,2014.0
Glenn Maxwell,Delhi Daredevils,90000000.0,2018.0
Glenn Maxwell,Kings XI Punjab,107500000.0,2020.0
Glenn Maxwell,Royal Challengers Bangalore,142500000.0,2021.0
Glenn Phillips,Sunrisers Hyderabad,15000000.0,2022.0
Gurinder Sandhu,Delhi Daredevils,17000000.0,2015.0
Gurkeerat Singh Mann,Gujarat Titans,5000000.0,2022.0
Gurkeerat Singh Mann,Delhi Daredevils,7500000.0,2018.0
Gurkeerat Singh Mann,Royal Challengers Bangalore,5000000.0,2019.0
Gurkeerat Singh Mann,Kings XI Punjab,13000000.0,2014.0
Hanuma Vihari,Sunrisers Hyderabad,1000000.0,2015.0
Hanuma Vihari,Delhi Capitals,20000000.0,2019.0
Harbhajan Singh,Chennai Super Kings,20000000.0,2018.0
Harbhajan Singh,Kolkata Knight Riders,20000000.0,2021.0
Hardik Pandya,Mumbai Indians,1000000.0,2015.0
Hardus Viljoen,Kings XI Punjab,7500000.0,2019.0
Harpreet Brar,Kings XI Punjab,2000000.0,2019.0
Harpreet Brar,Punjab Kings,38000000.0,2022.0
Harry Gurney,Kolkata Knight Riders,7500000.0,2019.0
Harshal Patel,Royal Challengers Bangalore,4000000.0,2014.0
Harshal Patel,Delhi Daredevils,2000000.0,2018.0
Harshal Patel,Royal Challengers Bangalore,107500000.0,2022.0
Heinrich Klaasen,Royal Challengers Bangalore,5000000.0,2019.0
Himmat Singh,Royal Challengers Bangalore,6500000.0,2019.0
Hrithik Shokeen,Mumbai Indians,2000000.0,2022.0
HS Sharath,Delhi Daredevils,1000000.0,2014.0
Imran Tahir,Chennai Super Kings,10000000.0,2018.0
Iqbal Abdullah,Rajasthan Royals,6500000.0,2014.0
Iqbal Abdullah,Royal Challengers Bangalore,1000000.0,2016.0
Irfan Pathan,Sunrisers Hyderabad,24000000.0,2014.0
Irfan Pathan,Chennai Super Kings,15000000.0,2015.0
Irfan Pathan,Rising Pune Supergiant,10000000.0,2016.0
Ishan Kishan,Gujarat Lions,3500000.0,2016.0
Ishan Kishan,Mumbai Indians,62000000.0,2018.0
Ishan Kishan,Mumbai Indians,152500000.0,2022.0
Ishan Porel,Punjab Kings,2500000.0,2022.0
Ishan Porel,Kings XI Punjab,2000000.0,
Ishank Jaggi,Kolkata Knight Riders,1000000.0,2017.0
Ishank Jaggi,Kolkata Knight Riders,2000000.0,2018.0
Ishant Sharma,Sunrisers Hyderabad,26000000.0,2014.0
Ishant Sharma,Rising Pune Supergiant,38000000.0,2016.0
Ishant Sharma,Delhi Capitals,11000000.0,2019.0
Ishwar Chandra Pandey,Chennai Super Kings,15000000.0,2014.0
Ishwar Chandra Pandey,Rising Pune Supergiant,2000000.0,2016.0
Isuru Udana,Royal Challengers Bangalore,5000000.0,2020.0
J Suchith,Sunrisers Hyderabad,3000000.0,2021.0
J Suchith,Mumbai Indians,1000000.0,2015.0
Jacob Oram,Mumbai Indians,3750000.0,2013.0
Jacques Kallis,Kolkata Knight Riders,55000000.0,2014.0
Jagadeesha Suchith,Sunrisers Hyderabad,2000000.0,2022.0
Jalaj Saxena,Mumbai Indians,9000000.0,2014.0
Jalaj Saxena,Royal Challengers Bangalore,1000000.0,2015.0
Jalaj Saxena,Delhi Capitals,2000000.0,2019.0
Jalaj Saxena,Punjab Kings,3000000.0,2021.0
James Faulkner,Rajasthan Royals,30000000.0,2013.0
James Neesham,Delhi Daredevils,10000000.0,2014.0
James Neesham,Kolkata Knight Riders,5000000.0,2015.0
James Neesham,Kings XI Punjab,5000000.0,2020.0
James Neesham,Mumbai Indians,5000000.0,2021.0
James Neesham,Rajasthan Royals,15000000.0,2022.0
Jaskaran Singh,Rising Pune Supergiant,1000000.0,2016.0
Jason Behrendorff,Mumbai Indians,15000000.0,2018.0
Jason Behrendorff,Royal Challengers Bangalore,7500000.0,2022.0
Jason Holder,Chennai Super Kings,1500000.0,2013.0
Jason Holder,Sunrisers Hyderabad,7500000.0,2014.0
Jason Holder,Kolkata Knight Riders,7000000.0,2016.0
Jason Holder,Lucknow Super Giants,87500000.0,2022.0
Jason Roy,Gujarat Lions,10000000.0,2017.0
Jason Roy,Delhi Daredevils,15000000.0,2018.0
Jason Roy,Delhi Capitals,15000000.0,2020.0
Jason Roy,Gujarat Titans,20000000.0,2022.0
Jasprit Bumrah,Mumbai Indians,12000000.0,2014.0
Jatin Saxena,Rajasthan Royals,2000000.0,2018.0
Javon Searless,Kolkata Knight Riders,3000000.0,2018.0
Jayant Yadav,Delhi Daredevils,1000000.0,2014.0
Jayant Yadav,Delhi Daredevils,5000000.0,2018.0
Jayant Yadav,Gujarat Titans,17000000.0,2022.0
Jaydev Shah,Gujarat Lions,2000000.0,2016.0
Jaydev Unadkat,Royal Challengers Bangalore,39375000.0,2013.0
Jaydev Unadkat,Delhi Daredevils,28000000.0,2014.0
Jaydev Unadkat,Delhi Daredevils,11000000.0,2015.0
Jaydev Unadkat,Kolkata Knight Riders,16000000.0,2016.0
Jaydev Unadkat,Rising Pune Supergiant,3000000.0,2017.0
Jaydev Unadkat,Rajasthan Royals,115000000.0,2018.0
Jaydev Unadkat,Rajasthan Royals,84000000.0,2019.0
Jaydev Unadkat,Rajasthan Royals,30000000.0,2020.0
Jaydev Unadkat,Mumbai Indians,13000000.0,2022.0
Jean-Paul Duminy,Delhi Daredevils,22000000.0,2014.0
Jean-Paul Duminy,Mumbai Indians,10000000.0,2018.0
Jeevan Mendis,Delhi Daredevils,3750000.0,2013.0
Jesse Ryder,Delhi Daredevils,19500000.0,2013.0
Jhye Richardson,Punjab Kings,140000000.0,2021.0
Jitesh Sharma,Mumbai Indians,1000000.0,2016.0
Jitesh Sharma,Punjab Kings,2000000.0,2022.0
Joe Denly,Kolkata Knight Riders,10000000.0,2019.0
Joel Paris,Delhi Daredevils,3000000.0,2016.0
Jofra Archer,Rajasthan Royals,72000000.0,2018.0
Jofra Archer,Mumbai Indians,80000000.0,2022.0
Johan Botha,Delhi Daredevils,33750000.0,2013.0
John Hastings,Chennai Super Kings,5000000.0,2014.0
John Hastings,Kolkata Knight Riders,13000000.0,2016.0
Jonny Bairstow,Sunrisers Hyderabad,22000000.0,2019.0
Jonny Bairstow,Punjab Kings,67500000.0,2022.0
Jos Buttler,Mumbai Indians,38000000.0,2016.0
Jos Buttler,Rajasthan Royals,44000000.0,2018.0
Josh Hazlewood,Mumbai Indians,5000000.0,2014.0
Josh Hazlewood,Chennai Super Kings,20000000.0,2020.0
Josh Hazlewood,Royal Challengers Bangalore,77500000.0,2022.0
Joshua Philippe,Royal Challengers Bangalore,2000000.0,2020.0
Juan Theron,Rajasthan Royals,3000000.0,2015.0
Krishnappa Gowtham,Lucknow Super Giants,9000000.0,2022.0
K.Bhagath Varma,Chennai Super Kings,2000000.0,2021.0
K.Bhagath Varma,Chennai Super Kings,2000000.0,2022.0
K.C Cariappa,Rajasthan Royals,2000000.0,2021.0
K.C Cariappa,Rajasthan Royals,3000000.0,2022.0
K.C. Cariappa,Kolkata Knight Riders,24000000.0,2015.0
K.C. Cariappa,Kings XI Punjab,8000000.0,2016.0
K.K. Jiyaz,Delhi Daredevils,1000000.0,2015.0
K.M. Asif,Chennai Super Kings,2000000.0,2022.0
K.S. Bharat,Delhi Capitals,20000000.0,2022.0
Kagiso Rabada,Delhi Daredevils,50000000.0,2017.0
Kagiso Rabada,Delhi Daredevils,42000000.0,2018.0
Kagiso Rabada,Punjab Kings,92500000.0,2022.0
Kamlesh Nagarkoti,Kolkata Knight Riders,32000000.0,2018.0
Kamlesh Nagarkoti,Delhi Capitals,11000000.0,2022.0
Kane Richardson,Pune Warriors India,52500000.0,2013.0
Kane Richardson,Rajasthan Royals,10000000.0,2014.0
Kane Richardson,Royal Challengers Bangalore,20000000.0,2016.0
Kane Richardson,Royal Challengers Bangalore,40000000.0,2020.0
Kane Williamson,Sunrisers Hyderabad,6000000.0,2015.0
Kane Williamson,Sunrisers Hyderabad,30000000.0,2018.0
Kanishk Seth,Chennai Super Kings,2000000.0,2018.0
Karan Sharma,Lucknow Super Giants,2000000.0,2022.0
Karanveer Singh,Kings XI Punjab,1000000.0,2014.0
Karn Sharma,Sunrisers Hyderabad,37500000.0,2014.0
Karn Sharma,Mumbai Indians,32000000.0,2017.0
Karn Sharma,Chennai Super Kings,50000000.0,2018.0
Karn Sharma,Royal Challengers Bangalore,5000000.0,2022.0
Kartik Tyagi,Rajasthan Royals,13000000.0,2020.0
Kartik Tyagi,Sunrisers Hyderabad,40000000.0,2022.0
Karun Nair,Rajasthan Royals,7500000.0,2014.0
Karun Nair,Delhi Daredevils,40000000.0,2016.0
Karun Nair,Kings XI Punjab,56000000.0,2018.0
Karun Nair,Kolkata Knight Riders,5000000.0,2021.0
Karun Nair,Rajasthan Royals,14000000.0,2022.0
Kedar Jadhav,Delhi Daredevils,20000000.0,2014.0
Kedar Jadhav,Chennai Super Kings,78000000.0,2018.0
Kedar Jadhav,Sunrisers Hyderabad,20000000.0,2021.0
Keemo Paul,Delhi Capitals,5000000.0,2019.0
Kevin Pietersen,Delhi Daredevils,90000000.0,2014.0
Kevin Pietersen,Sunrisers Hyderabad,20000000.0,2015.0
Kevin Pietersen,Rising Pune Supergiant,35000000.0,2016.0
Kevon Cooper,Rajasthan Royals,3000000.0,2014.0
Kieron Pollard,Mumbai Indians,54000000.0,2018.0
Kishore Pramod Kamath,Mumbai Indians,14000000.0,2016.0
KL Rahul,Sunrisers Hyderabad,10000000.0,2014.0
KL Rahul,Kings XI Punjab,110000000.0,2018.0
Kona Srikar Bharat,Delhi Daredevils,1000000.0,2015.0
Kona Srikar Bharat,Royal Challengers Bangalore,2000000.0,2021.0
Krishnappa Gowtham,Mumbai Indians,20000000.0,2017.0
Krishnappa Gowtham,Rajasthan Royals,62000000.0,2018.0
Krishnappa Gowtham,Chennai Super Kings,92500000.0,2021.0
Krismar Santokie,Mumbai Indians,3000000.0,2014.0
Krunal Pandya,Mumbai Indians,20000000.0,2016.0
Krunal Pandya,Mumbai Indians,88000000.0,2018.0
Krunal Pandya,Lucknow Super Giants,82500000.0,2022.0
Kshitiz Sharma,Chennai Super Kings,2000000.0,2018.0
Kuldeep Sen,Rajasthan Royals,2000000.0,2022.0
Kuldeep Yadav,Kolkata Knight Riders,4000000.0,2014.0
Kuldeep Yadav,Kolkata Knight Riders,58000000.0,2018.0
Kuldeep Yadav,Delhi Capitals,20000000.0,2022.0
Kuldip Yadav,Rajasthan Royals,2000000.0,2021.0
Kuldip Yadav,Rajasthan Royals,2000000.0,2022.0
Kulwant Khejroliya,Mumbai Indians,1000000.0,2017.0
Kulwant Khejroliya,Royal Challengers Bangalore,8500000.0,2018.0
Kusal Janith Perera,Rajasthan Royals,1500000.0,2013.0
Kyle Abbott,Chennai Super Kings,3000000.0,2015.0
Kyle Abbott,Kings XI Punjab,21000000.0,2016.0
Kyle Jamieson,Royal Challengers Bangalore,150000000.0,2021.0
Kyle Mayers,Lucknow Super Giants,5000000.0,2022.0
Lakshmipathy Balaji,Kings XI Punjab,18000000.0,2014.0
Lalit Yadav,Delhi Capitals,2000000.0,2020.0
Lalit Yadav,Delhi Capitals,6500000.0,2022.0
Lasith Malinga,Mumbai Indians,20000000.0,2019.0
Laxmi Ratan Shukla,Delhi Daredevils,15000000.0,2014.0
Laxmi Ratan Shukla,Sunrisers Hyderabad,3000000.0,2015.0
Liam Livingstone,Rajasthan Royals,5000000.0,2019.0
Liam Livingstone,Rajasthan Royals,7500000.0,2021.0
Liam Livingstone,Punjab Kings,115000000.0,2022.0
Lockie Ferguson,Rising Pune Supergiant,5000000.0,2017.0
Lockie Ferguson,Kolkata Knight Riders,16000000.0,2019.0
Lockie Ferguson,Gujarat Titans,100000000.0,2022.0
Luke Pomersbach,Kings XI Punjab,22500000.0,2013.0
Lukman Hussain Meriwala,Delhi Capitals,2000000.0,2021.0
Lungisani Ngidi,Chennai Super Kings,5000000.0,2018.0
Lungisani Ngidi,Delhi Capitals,5000000.0,2022.0
Luvnith Sisodia,Royal Challengers Bangalore,2000000.0,2022.0
M Siddharth,Kolkata Knight Riders,2000000.0,2020.0
M Siddharth,Delhi Capitals,2000000.0,2021.0
M. Ashwin,Rising Pune Supergiant,45000000.0,2016.0
M. Ashwin,Delhi Daredevils,10000000.0,2017.0
M. Ashwin,Royal Challengers Bangalore,22000000.0,2018.0
M. Ashwin,Kings XI Punjab,2000000.0,2019.0
M. Harisankar Reddy,Chennai Super Kings,2000000.0,2021.0
Washington Sundar,Royal Challengers Bangalore,32000000.0,2018.0
Maheesh Theekshana,Chennai Super Kings,7000000.0,2022.0
Mahipal Lomror,Delhi Daredevils,1000000.0,2016.0
Mahipal Lomror,Rajasthan Royals,2000000.0,2018.0
Mahipal Lomror,Royal Challengers Bangalore,9500000.0,2022.0
Manan Ajay Sharma,Kolkata Knight Riders,1000000.0,2016.0
Manan Vohra,Royal Challengers Bangalore,11000000.0,2018.0
Manan Vohra,Rajasthan Royals,2000000.0,2019.0
Manan Vohra,Lucknow Super Giants,2000000.0,2022.0
Mandeep Hardev Singh,Kings XI Punjab,8000000.0,2014.0
Mandeep Singh,Royal Challengers Bangalore,14000000.0,2018.0
Mandeep Singh,Delhi Capitals,11000000.0,2022.0
Manish Pandey,Kolkata Knight Riders,17000000.0,2014.0
Manish Pandey,Sunrisers Hyderabad,110000000.0,2018.0
Manish Pandey,Lucknow Super Giants,46000000.0,2022.0
Manjot Kalra,Delhi Daredevils,2000000.0,2018.0
Manoj Tiwary,Delhi Daredevils,28000000.0,2014.0
Manoj Tiwary,Rising Pune Supergiant,5000000.0,2017.0
Manoj Tiwary,Kings XI Punjab,10000000.0,2018.0
Manpreet Gony,Kings XI Punjab,37500000.0,2013.0
Manpreet Gony,Gujarat Lions,6000000.0,2017.0
Manprit Juneja,Sunrisers Hyderabad,1000000.0,2014.0
Manvinder Bisla,Kolkata Knight Riders,6000000.0,2014.0
Manzoor Dar,Kings XI Punjab,2000000.0,2018.0
Marchant De Lange,Mumbai Indians,3000000.0,2014.0
Marco Jansen,Mumbai Indians,2000000.0,2021.0
Marco Jansen,Sunrisers Hyderabad,42000000.0,2022.0
Marcus Stoinis,Delhi Daredevils,2500000.0,2015.0
Marcus Stoinis,Kings XI Punjab,5500000.0,2016.0
Marcus Stoinis,Kings XI Punjab,62000000.0,2018.0
Marcus Stoinis,Delhi Capitals,48000000.0,2020.0
Mark Wood,Chennai Super Kings,15000000.0,2018.0
Mark Wood,Lucknow Super Giants,75000000.0,2022.0
Martin Guptill,Kings XI Punjab,5000000.0,2017.0
Martin Guptill,Sunrisers Hyderabad,10000000.0,2019.0
Matt Henry,Chennai Super Kings,3000000.0,2014.0
Matt Henry,Kings XI Punjab,5000000.0,2017.0
Matthew Wade,Gujarat Titans,24000000.0,2022.0
Mayank Agarwal,Delhi Daredevils,16000000.0,2014.0
Mayank Agarwal,Kings XI Punjab,10000000.0,2018.0
Mayank Dagar,Kings XI Punjab,2000000.0,2018.0
Mayank Markande,Mumbai Indians,2000000.0,2018.0
Mayank Markande,Mumbai Indians,6500000.0,2022.0
Mayank Yadav,Lucknow Super Giants,2000000.0,2022.0
Michael Clarke,Pune Warriors India,30000000.0,2013.0
Michael Hussey,Mumbai Indians,50000000.0,2014.0
Michael Hussey,Chennai Super Kings,15000000.0,2015.0
Midhun S,Rajasthan Royals,2000000.0,2018.0
Milind Kumar,Delhi Daredevils,1000000.0,2014.0
Milind Kumar,Royal Challengers Bangalore,2000000.0,2019.0
Milind Tandon,Rising Pune Supergiant,1000000.0,2017.0
Mitchell Johnson,Kings XI Punjab,65000000.0,2014.0
Mitchell Johnson,Mumbai Indians,20000000.0,2017.0
Mitchell Johnson,Kolkata Knight Riders,20000000.0,2018.0
Mitchell Marsh,Rising Pune Supergiant,48000000.0,2016.0
Mitchell Marsh,Sunrisers Hyderabad,20000000.0,2020.0
Mitchell Marsh,Delhi Capitals,65000000.0,2022.0
Mitchell McClenaghan,Mumbai Indians,3000000.0,2015.0
Mitchell Santner,Chennai Super Kings,5000000.0,2018.0
Mitchell Santner,Chennai Super Kings,19000000.0,2022.0
Mitchell Starc,Royal Challengers Bangalore,50000000.0,2014.0
Mitchell Starc,Kolkata Knight Riders,94000000.0,2018.0
Mithun Manhas,Chennai Super Kings,3000000.0,2014.0
Moeen Ali,Royal Challengers Bangalore,17000000.0,2018.0
Moeen Ali,Chennai Super Kings,70000000.0,2021.0
Mohammad Nabi,Sunrisers Hyderabad,3000000.0,2017.0
Mohammad Nabi,Sunrisers Hyderabad,10000000.0,2018.0
Mohammad Nabi,Kolkata Knight Riders,10000000.0,2022.0
Mohammad Shami,Delhi Daredevils,42500000.0,2014.0
Mohammad Shami,Delhi Daredevils,30000000.0,2018.0
Mohammad Shami,Kings XI Punjab,48000000.0,2019.0
Mohammad Shami,Gujarat Titans,62500000.0,2022.0
Mohammed Azharudeen,Royal Challengers Bangalore,2000000.0,2021.0
Mohammed Siraj,Sunrisers Hyderabad,26000000.0,2017.0
Mohammed Siraj,Royal Challengers Bangalore,26000000.0,2018.0
Mohd. Arshad Khan,Mumbai Indians,2000000.0,2022.0
Mohit Sharma,Chennai Super Kings,20000000.0,2014.0
Mohit Sharma,Kings XI Punjab,65000000.0,2016.0
Mohit Sharma,Kings XI Punjab,24000000.0,2018.0
Mohit Sharma,Chennai Super Kings,50000000.0,2019.0
Mohit Sharma,Delhi Capitals,5000000.0,2020.0
Mohsin Khan,Mumbai Indians,2000000.0,2018.0
Mohsin Khan,Mumbai Indians,2000000.0,2020.0
Mohsin Khan,Lucknow Super Giants,2000000.0,2022.0
Moises Henriques,Royal Challengers Bangalore,22500000.0,2013.0
Moises Henriques,Sunrisers Hyderabad,10000000.0,2014.0
Moises Henriques,Kings XI Punjab,10000000.0,2019.0
Moises Henriques,Punjab Kings,42000000.0,2021.0
Monu Singh,Chennai Super Kings,2000000.0,2018.0
Morne Morkel,Kolkata Knight Riders,28000000.0,2014.0
Mujeeb Zadran,Kings XI Punjab,40000000.0,2018.0
Mujeeb Zadran,Sunrisers Hyderabad,15000000.0,2021.0
Mukesh Choudhary,Chennai Super Kings,2000000.0,2022.0
Munaf Patel,Gujarat Lions,3000000.0,2017.0
Murali Kartik,Kings XI Punjab,10000000.0,2014.0
Murali Vijay,Delhi Daredevils,50000000.0,2014.0
Murali Vijay,Kings XI Punjab,30000000.0,2015.0
Murali Vijay,Chennai Super Kings,20000000.0,2018.0
Murugan Ashwin,Mumbai Indians,16000000.0,2022.0
Mustafizur Rahman,Sunrisers Hyderabad,14000000.0,2016.0
Mustafizur Rahman,Mumbai Indians,22000000.0,2018.0
Mustafizur Rahman,Rajasthan Royals,10000000.0,2021.0
Mustafizur Rahman,Delhi Capitals,20000000.0,2022.0
Muttiah Muralitharan,Royal Challengers Bangalore,10000000.0,2014.0
N Jagadeesan,Chennai Super Kings,2000000.0,2018.0
N. Jagadeesan,Chennai Super Kings,2000000.0,2022.0
N. Tilak Varma,Mumbai Indians,17000000.0,2022.0
Naman Ojha,Sunrisers Hyderabad,5000000.0,2014.0
Naman Ojha,Delhi Daredevils,14000000.0,2018.0
Nathan Coulter-Nile,Mumbai Indians,33750000.0,2013.0
Nathan Coulter-Nile,Delhi Daredevils,42500000.0,2014.0
Nathan Coulter-Nile,Kolkata Knight Riders,35000000.0,2017.0
Nathan Coulter-Nile,Royal Challengers Bangalore,22000000.0,2018.0
Nathan Coulter-Nile,Mumbai Indians,80000000.0,2020.0
Nathan Coulter-Nile,Mumbai Indians,50000000.0,2021.0
Nathan Coulter-Nile,Rajasthan Royals,20000000.0,2022.0
Nathan Ellis,Punjab Kings,7500000.0,2022.0
Nathan McCullum,Sunrisers Hyderabad,7500000.0,2013.0
Nathu Singh,Mumbai Indians,32000000.0,2016.0
Nathu Singh,Gujarat Lions,5000000.0,2017.0
Nathu Singh,Delhi Capitals,2000000.0,2019.0
Navdeep Saini,Delhi Daredevils,1000000.0,2017.0
Navdeep Saini,Royal Challengers Bangalore,30000000.0,2018.0
Navdeep Saini,Rajasthan Royals,26000000.0,2022.0
Nic Maddinson,Royal Challengers Bangalore,5000000.0,2014.0
Nicolas Pooran,Sunrisers Hyderabad,107500000.0,2022.0
Nicolas Pooran,Mumbai Indians,3000000.0,2017.0
Nicolas Pooran,Kings XI Punjab,42000000.0,2019.0
Nidheesh M D Dinesan,Mumbai Indians,2000000.0,2018.0
Nikhil Shankar Naik,Kings XI Punjab,3000000.0,2015.0
Nikhil Shankar Naik,Kolkata Knight Riders,2000000.0,2019.0
Nikhil Shankar Naik,Kolkata Knight Riders,2000000.0,2020.0
Nitish Rana,Mumbai Indians,1000000.0,2015.0
Nitish Rana,Kolkata Knight Riders,34000000.0,2018.0
Nitish Rana,Kolkata Knight Riders,80000000.0,2022.0
Noor Ahmad,Gujarat Titans,3000000.0,2022.0
Obed Mccoy,Rajasthan Royals,7500000.0,2022.0
Odean Smith,Punjab Kings,60000000.0,2022.0
Oshane Thomas,Rajasthan Royals,11000000.0,2019.0
Oshane Thomas,Rajasthan Royals,5000000.0,2020.0
Pankaj Jaswal,Mumbai Indians,2000000.0,2019.0
Pankaj Singh,Royal Challengers Bangalore,11250000.0,2013.0
Paras Dogra,Gujarat Lions,1000000.0,2016.0
Pardeep Sahu,Rajasthan Royals,1000000.0,2015.0
Pardeep Sahu,Kings XI Punjab,1000000.0,2016.0
Pardeep Sahu,Kings XI Punjab,2000000.0,2018.0
Parthiv Patel,Royal Challengers Bangalore,14000000.0,2014.0
Parthiv Patel,Royal Challengers Bangalore,17000000.0,2018.0
Parveez Rasool,Sunrisers Hyderabad,9500000.0,2014.0
Parvinder Awana,Kings XI Punjab,6500000.0,2014.0
Pat Cummins,Mumbai Indians,54000000.0,2018.0
Pat Cummins,Kolkata Knight Riders,155000000.0,2020.0
Pat Cummins,Kolkata Knight Riders,72500000.0,2022.0
Pat Cummins,Kolkata Knight Riders,10000000.0,2014.0
Pat Cummins,Delhi Daredevils,45000000.0,2017.0
Pavan Deshpande,Royal Challengers Bangalore,2000000.0,2018.0
Pavan Deshpande,Royal Challengers Bangalore,2000000.0,2020.0
Pawan Negi,Chennai Super Kings,1000000.0,2014.0
Pawan Negi,Delhi Daredevils,85000000.0,2016.0
Pawan Negi,Royal Challengers Bangalore,10000000.0,2017.0
Pawan Negi,Royal Challengers Bangalore,10000000.0,2018.0
Pawan Negi,Kolkata Knight Riders,5000000.0,2021.0
Pawan Suyal,Mumbai Indians,1000000.0,2014.0
Pawan Suyal,Delhi Daredevils,1000000.0,2016.0
Peter Handscomb,Rising Pune Supergiant,3000000.0,2016.0
Philip Hughes,Mumbai Indians,7500000.0,2013.0
Piyush Chawla,Kolkata Knight Riders,42500000.0,2014.0
Piyush Chawla,Kolkata Knight Riders,42000000.0,2018.0
Piyush Chawla,Chennai Super Kings,67500000.0,2020.0
Piyush Chawla,Mumbai Indians,24000000.0,2021.0
Prabhsimran Singh,Kings XI Punjab,48000000.0,2019.0
Prabhsimran Singh,Kings XI Punjab,5500000.0,2020.0
Prabhsimran Singh,Punjab Kings,6000000.0,2022.0
Pradeep Sangwan,Gujarat Lions,2000000.0,2016.0
Pradeep Sangwan,Mumbai Indians,15000000.0,2018.0
Pradeep Sangwan,Gujarat Titans,2000000.0,2022.0
Pragyan Ojha,Mumbai Indians,32500000.0,2014.0
Pragyan Ojha,Mumbai Indians,5000000.0,2015.0
Prasanth Padmanabhan,Sunrisers Hyderabad,1000000.0,2015.0
Prasanth Parameswaran,Sunrisers Hyderabad,3000000.0,2014.0
Prashant Chopra,Rajasthan Royals,2000000.0,2018.0
Prashant Solanki,Chennai Super Kings,12000000.0,2022.0
Prasidh Krishna,Rajasthan Royals,100000000.0,2022.0
Pratham Singh,Gujarat Lions,1000000.0,2017.0
Pratham Singh,Kolkata Knight Riders,2000000.0,2022.0
Pratyush Singh,Chennai Super Kings,1000000.0,2015.0
Pratyush Singh,Delhi Daredevils,1000000.0,2016.0
Praveen Dubey,Royal Challengers Bangalore,3500000.0,2016.0
Praveen Dubey,Royal Challengers Bangalore,1000000.0,2017.0
Praveen Kumar,Sunrisers Hyderabad,22000000.0,2015.0
Praveen Kumar,Gujarat Lions,35000000.0,2016.0
Pravin Dubey,Delhi Capitals,5000000.0,2022.0
Pravin Tambe,Rajasthan Royals,1000000.0,2014.0
Pravin Tambe,Gujarat Lions,2000000.0,2016.0
Pravin Tambe,Sunrisers Hyderabad,1000000.0,2017.0
Pravin Tambe,Kolkata Knight Riders,2000000.0,2020.0
Prayas Ray Barman,Royal Challengers Bangalore,15000000.0,2019.0
Prerak Mankad,Punjab Kings,2000000.0,2022.0
Prince Balwant Rai Singh,Mumbai Indians,2000000.0,2020.0
Prithvi Raj Yarra,Kolkata Knight Riders,2000000.0,2019.0
Prithvi Shaw,Delhi Daredevils,12000000.0,2018.0
Priyam Garg,Sunrisers Hyderabad,19000000.0,2020.0
Priyam Garg,Sunrisers Hyderabad,2000000.0,2022.0
Quinton De Kock,Sunrisers Hyderabad,1500000.0,2013.0
Quinton De Kock,Delhi Daredevils,35000000.0,2014.0
Quinton De Kock,Royal Challengers Bangalore,28000000.0,2018.0
Quinton De Kock,Lucknow Super Giants,67500000.0,2022.0
R Samarth,Sunrisers Hyderabad,2000000.0,2022.0
R. Ashwin,Rajasthan Royals,50000000.0,2022.0
R. Sai Kishore,Chennai Super Kings,2000000.0,2020.0
R. Sai Kishore,Gujarat Titans,30000000.0,2022.0
R. Sanjay Yadav,Kolkata Knight Riders,1000000.0,2017.0
Rahul Ajay Tripathi,Rising Pune Supergiant,1000000.0,2017.0
Rahul Buddhi,Mumbai Indians,2000000.0,2022.0
Rahul Chahar,Rising Pune Supergiant,1000000.0,2017.0
Rahul Chahar,Mumbai Indians,19000000.0,2018.0
Rahul Chahar,Punjab Kings,52500000.0,2022.0
Rahul Sharma,Delhi Daredevils,19000000.0,2014.0
Rahul Sharma,Chennai Super Kings,3000000.0,2015.0
Rahul Shukla,Delhi Daredevils,4000000.0,2014.0
Rahul Tewatia,Rajasthan Royals,1000000.0,2014.0
Rahul Tewatia,Kings XI Punjab,2500000.0,2017.0
Rahul Tewatia,Delhi Daredevils,30000000.0,2018.0
Rahul Tewatia,Gujarat Titans,90000000.0,2022.0
Rahul Tripathi,Rajasthan Royals,34000000.0,2018.0
Rahul Tripathi,Kolkata Knight Riders,6000000.0,2020.0
Rahul Tripathi,Sunrisers Hyderabad,85000000.0,2022.0
Raj Angad Bawa,Punjab Kings,20000000.0,2022.0
Rajagopal Sathish,Kolkata Knight Riders,2000000.0,2016.0
Rajat Bhatia,Rajasthan Royals,17000000.0,2014.0
Rajat Bhatia,Rising Pune Supergiant,6000000.0,2016.0
Rajat Patidar,Royal Challengers Bangalore,2000000.0,2021.0
Rajvardhan Hangargekar,Chennai Super Kings,15000000.0,2022.0
Ramandeep Singh,Mumbai Indians,2000000.0,2022.0
Ramesh Kumar,Kolkata Knight Riders,2000000.0,2022.0
Ranganath Vinay Kumar,Kolkata Knight Riders,28000000.0,2014.0
Ranganath Vinay Kumar,Kolkata Knight Riders,10000000.0,2018.0
Rashid Khan Arman,Sunrisers Hyderabad,40000000.0,2017.0
Rashid Khan Arman,Sunrisers Hyderabad,90000000.0,2018.0
Rasikh Dar,Mumbai Indians,2000000.0,2019.0
Rasikh Dar,Kolkata Knight Riders,2000000.0,2022.0
Rassie Van Der Dussen,Rajasthan Royals,10000000.0,2022.0
Ravi Bishnoi,Kings XI Punjab,20000000.0,2020.0
Ravi Bopara,Sunrisers Hyderabad,10000000.0,2015.0
Ravi Rampaul,Royal Challengers Bangalore,21750000.0,2013.0
Ravi Rampaul,Royal Challengers Bangalore,9000000.0,2014.0
Ravichandran Ashwin,Kings XI Punjab,76000000.0,2018.0
Ricky Bhui,Sunrisers Hyderabad,1000000.0,2014.0
Ricky Bhui,Sunrisers Hyderabad,2000000.0,2018.0
Ricky Ponting,Mumbai Indians,30000000.0,2013.0
Riley Meredith,Punjab Kings,80000000.0,2021.0
Riley Meredith,Mumbai Indians,10000000.0,2022.0
Rinku Singh,Kings XI Punjab,1000000.0,2017.0
Rinku Singh,Kolkata Knight Riders,8000000.0,2018.0
Rinku Singh,Kolkata Knight Riders,5500000.0,2022.0
Ripal Patel,Delhi Capitals,2000000.0,2021.0
Ripal Patel,Delhi Capitals,2000000.0,2022.0
Rishabh Pant,Delhi Daredevils,19000000.0,2016.0
Rishi Dhawan,Kings XI Punjab,30000000.0,2014.0
Rishi Dhawan,Kolkata Knight Riders,5500000.0,2017.0
Rishi Dhawan,Punjab Kings,5500000.0,2022.0
Riyan Parag,Rajasthan Royals,2000000.0,2019.0
Riyan Parag,Rajasthan Royals,38000000.0,2022.0
Robin Uthappa,Kolkata Knight Riders,50000000.0,2014.0
Robin Uthappa,Kolkata Knight Riders,64000000.0,2018.0
Robin Uthappa,Rajasthan Royals,30000000.0,2020.0
Robin Uthappa,Chennai Super Kings,20000000.0,2022.0
Romario Shepherd,Sunrisers Hyderabad,77500000.0,2022.0
Ronit More,Chennai Super Kings,1000000.0,2014.0
Ross Taylor,Delhi Daredevils,20000000.0,2014.0
Rovman Powell,Kolkata Knight Riders,3000000.0,2017.0
Rovman Powell,Delhi Capitals,28000000.0,2022.0
Rudra Pratap Singh,Royal Challengers Bangalore,30000000.0,2013.0
Rudra Pratap Singh,Rising Pune Supergiant,3000000.0,2016.0
Ruturaj Gaikwad,Chennai Super Kings,2000000.0,2019.0
Ryan McLaren,Kolkata Knight Riders,3750000.0,2013.0
Ryan Ten Doeschate,Kolkata Knight Riders,10000000.0,2014.0
Sachin Baby,Royal Challengers Bangalore,1000000.0,2016.0
Sachin Baby,Sunrisers Hyderabad,2000000.0,2018.0
Sachin Baby,Royal Challengers Bangalore,2000000.0,2021.0
Sachin Rana,Royal Challengers Bangalore,2000000.0,2014.0
Sachithra Senanayaka,Kolkata Knight Riders,46875000.0,2013.0
Sagar Trivedi,Rajasthan Royals,1000000.0,2015.0
Sam Billings,Delhi Daredevils,3000000.0,2016.0
Sam Billings,Chennai Super Kings,10000000.0,2018.0
Sam Billings,Delhi Capitals,20000000.0,2021.0
Sam Billings,Kolkata Knight Riders,20000000.0,2022.0
Sam Curran,Kings XI Punjab,72000000.0,2019.0
Sam Curran,Chennai Super Kings,55000000.0,2020.0
Samuel Badree,Chennai Super Kings,3000000.0,2014.0
Samuel Badree,Royal Challengers Bangalore,5000000.0,2016.0
Sandeep Bavanaka,Sunrisers Hyderabad,2000000.0,2020.0
Sandeep Lamichhane,Delhi Daredevils,2000000.0,2018.0
Sandeep Sharma,Kings XI Punjab,8500000.0,2014.0
Sandeep Sharma,Sunrisers Hyderabad,30000000.0,2018.0
Sandeep Sharma,Punjab Kings,5000000.0,2022.0
Sandeep Warrier,Royal Challengers Bangalore,1000000.0,2014.0
Sanjay Yadav,Sunrisers Hyderabad,2000000.0,2020.0
Sanjay Yadav,Mumbai Indians,5000000.0,2022.0
Sanju Samson,Delhi Daredevils,42000000.0,2016.0
Sanju Samson,Rajasthan Royals,80000000.0,2018.0
Sarabjit Ladda,Gujarat Lions,1000000.0,2016.0
Sarfaraz Khan,Delhi Capitals,2000000.0,2022.0
Sarfaraz Naushad Khan,Royal Challengers Bangalore,5000000.0,2015.0
Sarfaraz Naushad Khan,Kings XI Punjab,2500000.0,2019.0
Saurabh Dubey,Sunrisers Hyderabad,2000000.0,2022.0
Saurabh Kumar,Rising Pune Supergiant,1000000.0,2017.0
Saurabh Kumar,Punjab Kings,2000000.0,2021.0
Saurabh Tiwary,Delhi Daredevils,7000000.0,2014.0
Saurabh Tiwary,Mumbai Indians,3000000.0,2017.0
Saurabh Tiwary,Mumbai Indians,8000000.0,2018.0
Saurabh Tiwary,Mumbai Indians,5000000.0,2020.0
Sayan Ghosh,Kolkata Knight Riders,1000000.0,2017.0
Sayan Ghosh,Delhi Daredevils,2000000.0,2018.0
Sayan Sekhar Mandal,Kolkata Knight Riders,1000000.0,2014.0
Scott Boland,Rising Pune Supergiant,5000000.0,2016.0
Sean Abbott,Royal Challengers Bangalore,10000000.0,2015.0
Sean Abbott,Sunrisers Hyderabad,24000000.0,2022.0
Shadab Jakati,Royal Challengers Bangalore,2000000.0,2014.0
Shadab Jakati,Gujarat Lions,2000000.0,2016.0
Shahbaz Ahamad,Royal Challengers Bangalore,2000000.0,2020.0
Shahbaz Ahamad,Royal Challengers Bangalore,24000000.0,2022.0
Shahbaz Nadeem,Delhi Daredevils,8500000.0,2014.0
Shahbaz Nadeem,Delhi Daredevils,32000000.0,2018.0
Shahbaz Nadeem,Lucknow Super Giants,5000000.0,2022.0
Shahrukh Khan,Punjab Kings,52500000.0,2021.0
Shahrukh Khan,Punjab Kings,90000000.0,2022.0
Shakib Al Hasan,Kolkata Knight Riders,28000000.0,2014.0
Shakib Al Hasan,Sunrisers Hyderabad,20000000.0,2018.0
Shakib Al Hasan,Kolkata Knight Riders,32000000.0,2021.0
Shane Watson,Royal Challengers Bangalore,95000000.0,2016.0
Shane Watson,Chennai Super Kings,40000000.0,2018.0
Sharad Lumba,Mumbai Indians,2000000.0,2018.0
Shardul Thakur,Kings XI Punjab,2000000.0,2014.0
Shardul Thakur,Chennai Super Kings,26000000.0,2018.0
Shardul Thakur,Delhi Capitals,107500000.0,2022.0
Shashank Singh,Delhi Daredevils,1000000.0,2017.0
Shashank Singh,Rajasthan Royals,3000000.0,2019.0
Shashank Singh,Sunrisers Hyderabad,2000000.0,2022.0
Shaun Marsh,Kings XI Punjab,22000000.0,2014.0
Sheldon Cottrell,Kings XI Punjab,85000000.0,2020.0
Sheldon Jackson,Kolkata Knight Riders,1500000.0,2015.0
Sheldon Jackson,Kolkata Knight Riders,2000000.0,2021.0
Sheldon Jackson,Kolkata Knight Riders,6000000.0,2022.0
Shelley Shaurya,Gujarat Lions,1000000.0,2017.0
Sherfane Rutherford,Delhi Capitals,20000000.0,2019.0
Sherfane Rutherford,Royal Challengers Bangalore,10000000.0,2022.0
Shikhar Dhawan,Sunrisers Hyderabad,52000000.0,2018.0
Shikhar Dhawan,Punjab Kings,82500000.0,2022.0
Shimron Hetmyer,Royal Challengers Bangalore,42000000.0,2019.0
Shimron Hetmyer,Delhi Capitals,77500000.0,2020.0
Shimron Hetmyer,Rajasthan Royals,85000000.0,2022.0
Shishir Bhavane,Royal Challengers Bangalore,1000000.0,2015.0
Shivam Dube,Royal Challengers Bangalore,50000000.0,2019.0
Shivam Dube,Rajasthan Royals,44000000.0,2021.0
Shivam Dube,Chennai Super Kings,40000000.0,2022.0
Shivam Mavi,Kolkata Knight Riders,30000000.0,2018.0
Shivam Mavi,Kolkata Knight Riders,72500000.0,2022.0
Shivam Sharma,Kings XI Punjab,1000000.0,2014.0
Shivil Kaushik,Gujarat Lions,1000000.0,2016.0
Shreevats Goswami,Sunrisers Hyderabad,10000000.0,2018.0
Shreyas Gopal,Mumbai Indians,1000000.0,2014.0
Shreyas Gopal,Rajasthan Royals,2000000.0,2018.0
Shreyas Gopal,Sunrisers Hyderabad,7500000.0,2022.0
Shreyas Iyer,Delhi Daredevils,26000000.0,2015.0
Shreyas Iyer,Kolkata Knight Riders,122500000.0,2022.0
Shrikant Mundhe,Kolkata Knight Riders,2000000.0,2019.0
Shubam Agrawal,Gujarat Lions,1000000.0,2017.0
Shubham Garhwal,Rajasthan Royals,2000000.0,2022.0
Shubham Ranjane,Rajasthan Royals,2000000.0,2019.0
Shubman Gill,Kolkata Knight Riders,18000000.0,2018.0
Siddarth Kaul,Delhi Daredevils,4500000.0,2014.0
Siddarth Kaul,Sunrisers Hyderabad,1000000.0,2015.0
Siddarth Kaul,Sunrisers Hyderabad,38000000.0,2018.0
Siddharth Kaul,Royal Challengers Bangalore,7500000.0,2022.0
Siddhesh Dinesh Lad,Mumbai Indians,1000000.0,2015.0
Siddhesh Dinesh Lad,Mumbai Indians,2000000.0,2018.0
Simarjeet Singh,Chennai Super Kings,2000000.0,2022.0
Srikkanth Anirudha,Sunrisers Hyderabad,2000000.0,2014.0
Steven Smith,Rajasthan Royals,40000000.0,2014.0
Steven Smith,Delhi Capitals,22000000.0,2021.0
Stuart Binny,Royal Challengers Bangalore,20000000.0,2016.0
Stuart Binny,Rajasthan Royals,5000000.0,2018.0
Subhranshu Senapati,Chennai Super Kings,2000000.0,2022.0
Subramaniam Badrinath,Royal Challengers Bangalore,3000000.0,2015.0
Sudeep Tyagi,Sunrisers Hyderabad,7500000.0,2013.0
Sumit Narwal,Kolkata Knight Riders,1000000.0,2015.0
Suryakumar Yadav,Kolkata Knight Riders,7000000.0,2014.0
Suryakumar Yadav,Mumbai Indians,32000000.0,2018.0
Sushant Marathe,Mumbai Indians,1000000.0,2014.0
Suyash Prabhudesai,Royal Challengers Bangalore,2000000.0,2021.0
Suyash Prabhudessai,Royal Challengers Bangalore,3000000.0,2022.0
Swapnil Singh,Kings XI Punjab,1000000.0,2016.0
Syed Khaleel Ahmed,Delhi Daredevils,1000000.0,2016.0
Syed Khaleel Ahmed,Sunrisers Hyderabad,30000000.0,2018.0
Syed Khaleel Ahmed,Delhi Capitals,52500000.0,2022.0
Syed Mehdi Hasan,Sunrisers Hyderabad,2000000.0,2018.0
T Natarajan,Kings XI Punjab,30000000.0,2017.0
T Natarajan,Sunrisers Hyderabad,4000000.0,2018.0
T. Natarajan,Sunrisers Hyderabad,40000000.0,2022.0
Tajinder Dhillon,Mumbai Indians,5500000.0,2018.0
Tajinder Dhillon,Kings XI Punjab,2000000.0,2020.0
Tanmay Agarwal,Sunrisers Hyderabad,1000000.0,2017.0
Tanmay Agarwal,Sunrisers Hyderabad,2000000.0,2018.0
Tanmay Mishra,Royal Challengers Bangalore,1000000.0,2014.0
Tejas Baroka,Rajasthan Royals,2000000.0,2022.0
Tejas Singh Baroka,Gujarat Lions,1000000.0,2017.0
Thisara Perera,Sunrisers Hyderabad,50625000.0,2013.0
Thisara Perera,Kings XI Punjab,16000000.0,2014.0
Thisara Perera,Rising Pune Supergiant,10000000.0,2016.0
Tim David,Mumbai Indians,82500000.0,2022.0
Tim Seifert,Delhi Capitals,5000000.0,2022.0
Tim Southee,Rajasthan Royals,12000000.0,2014.0
Tim Southee,Mumbai Indians,25000000.0,2016.0
Tim Southee,Royal Challengers Bangalore,10000000.0,2018.0
Tim Southee,Kolkata Knight Riders,15000000.0,2022.0
Tirumalasetti Suman,Sunrisers Hyderabad,1000000.0,2016.0
Tom Banton,Kolkata Knight Riders,10000000.0,2020.0
Tom Curran,Rajasthan Royals,10000000.0,2020.0
Tom Curran,Delhi Capitals,52500000.0,2021.0
Travis Head,Delhi Daredevils,3000000.0,2015.0
Travis Head,Royal Challengers Bangalore,5000000.0,2016.0
Trent Boult,Sunrisers Hyderabad,38000000.0,2015.0
Trent Boult,Kolkata Knight Riders,50000000.0,2017.0
Trent Boult,Delhi Daredevils,22000000.0,2018.0
Trent Boult,Rajasthan Royals,80000000.0,2022.0
Tushar Deshpande,Delhi Capitals,2000000.0,2020.0
Tushar Deshpande,Chennai Super Kings,2000000.0,2022.0
Tymal Mills,Royal Challengers Bangalore,120000000.0,2017.0
Tymal Mills,Mumbai Indians,15000000.0,2022.0
Umang Sharma,Gujarat Lions,1000000.0,2016.0
Umesh Yadav,Kolkata Knight Riders,26000000.0,2014.0
Umesh Yadav,Royal Challengers Bangalore,42000000.0,2018.0
Umesh Yadav,Delhi Capitals,10000000.0,2021.0
Umesh Yadav,Kolkata Knight Riders,20000000.0,2022.0
Unmukt Chand,Rajasthan Royals,6500000.0,2014.0
Utkarsh Singh,Punjab Kings,2000000.0,2021.0
Vaibhav Arora,Kolkata Knight Riders,2000000.0,2021.0
Vaibhav Arora,Punjab Kings,20000000.0,2022.0
Vaibhav Rawal,Kolkata Knight Riders,1000000.0,2015.0
Varun Aaron,Royal Challengers Bangalore,20000000.0,2014.0
Varun Aaron,Kings XI Punjab,28000000.0,2017.0
Varun Aaron,Rajasthan Royals,24000000.0,2019.0
Varun Aaron,Gujarat Titans,5000000.0,2022.0
Varun Chakaravarthy,Kings XI Punjab,84000000.0,2019.0
Varun Chakaravarthy,Kolkata Knight Riders,40000000.0,2020.0
Veer Pratap Singh,Kolkata Knight Riders,4000000.0,2014.0
Venkatesh Iyer,Kolkata Knight Riders,2000000.0,2021.0
Venugopal Rao,Sunrisers Hyderabad,5500000.0,2014.0
Vicky Ostwal,Delhi Capitals,2000000.0,2022.0
Vijay Shankar,Chennai Super Kings,1000000.0,2014.0
Vijay Shankar,Sunrisers Hyderabad,3500000.0,2016.0
Vijay Shankar,Delhi Daredevils,32000000.0,2018.0
Vijay Shankar,Gujarat Titans,14000000.0,2022.0
Vijay Zol,Royal Challengers Bangalore,3000000.0,2014.0
Vikas Tokas,Royal Challengers Bangalore,1000000.0,2016.0
Vikramjeet Malik,Rajasthan Royals,2000000.0,2014.0
Vikramjeet Malik,Royal Challengers Bangalore,2000000.0,2016.0
Virat Singh,Sunrisers Hyderabad,19000000.0,2020.0
Virender Sehwag,Kings XI Punjab,32000000.0,2014.0
Vishnu Vinod,Delhi Capitals,2000000.0,2021.0
Vishnu Vinod,Sunrisers Hyderabad,5000000.0,2022.0
Wanindu Hasaranga,Royal Challengers Bangalore,107500000.0,2022.0
Washington Sundar,Sunrisers Hyderabad,87500000.0,2022.0
Wayne Parnell,Delhi Daredevils,10000000.0,2014.0
Wriddhiman Saha,Kings XI Punjab,22000000.0,2014.0
Wriddhiman Saha,Sunrisers Hyderabad,50000000.0,2018.0
Wriddhiman Saha,Sunrisers Hyderabad,12000000.0,2019.0
Wriddhiman Saha,Gujarat Titans,19000000.0,2022.0
Writtick Chatterjee,Punjab Kings,2000000.0,2022.0
Yash Dayal,Gujarat Titans,32000000.0,2022.0
Yash Dhull,Delhi Capitals,5000000.0,2022.0
Yashasvi Jaiswal,Rajasthan Royals,24000000.0,2020.0
Yogesh Gowalkar,Kings XI Punjab,1000000.0,2015.0
Yogesh Takawale,Royal Challengers Bangalore,1000000.0,2014.0
Yudhvir Charak,Mumbai Indians,2000000.0,2021.0
Yusuf Pathan,Kolkata Knight Riders,32500000.0,2014.0
Yusuf Pathan,Sunrisers Hyderabad,19000000.0,2018.0
Yuvraj Singh,Royal Challengers Bangalore,140000000.0,2014.0
Yuvraj Singh,Delhi Daredevils,160000000.0,2015.0
Yuvraj Singh,Sunrisers Hyderabad,70000000.0,2016.0
Yuvraj Singh,Kings XI Punjab,20000000.0,2018.0
Yuvraj Singh,Mumbai Indians,10000000.0,2019.0
Yuzvendra Chahal,Rajasthan Royals,65000000.0,2022.0
Yuzvendra Singh Chahal,Royal Challengers Bangalore,1000000.0,2014.0
Yuzvendra Singh Chahal,Royal Challengers Bangalore,60000000.0,2018.0
Zaheer Khan,Mumbai Indians,26000000.0,2014.0
Zaheer Khan,Delhi Daredevils,40000000.0,2015.0
Zahir Khan Pakteen,Rajasthan Royals,6000000.0,2018.0
